<?xml version="1.0" encoding="UTF-8"?>
<ti:app xmlns:ti="http://ti.appcelerator.org">
    <id>com.appworkbench.boot</id>
    <name>RandomTest</name>
    <version>1.0</version>
    <publisher>Benjamin Bahrenburg</publisher>
    <url>http://bencoding.com</url>
    <description>not specified</description>
    <copyright>2013 by Benjamin Bahrenburg</copyright>
    <icon>appicon.png</icon>
    <persistent-wifi>false</persistent-wifi>
    <prerendered-icon>false</prerendered-icon>
    <statusbar-style>default</statusbar-style>
    <statusbar-hidden>false</statusbar-hidden>
    <fullscreen>false</fullscreen>
    <navbar-hidden>false</navbar-hidden>
    <analytics>true</analytics>
    <guid>bbc562ec-0005-4c1e-9df6-db525e17cf74</guid>
    <property name="ti.ui.defaultunit" type="string">system</property>
    <property name="ti.android.bug2373.finishfalseroot" type="bool">true</property>
    <property name="ti.android.bug2373.disableDetection" type="bool">true</property>
    <property name="ti.android.bug2373.restartDelay" type="int">500</property>
    <property name="ti.android.bug2373.finishDelay" type="int">0</property>
    <property name="ti.android.bug2373.skipAlert" type="bool">true</property>
    <property name="ti.android.bug2373.message">Initializing</property>
    <property name="ti.android.bug2373.title">Restart Required</property>
    <property name="ti.android.bug2373.buttonText">Continue</property>
    <iphone>
        <orientations device="iphone">
            <orientation>Ti.UI.PORTRAIT</orientation>
        </orientations>
        <orientations device="ipad">
            <orientation>Ti.UI.PORTRAIT</orientation>
            <orientation>Ti.UI.UPSIDE_PORTRAIT</orientation>
            <orientation>Ti.UI.LANDSCAPE_LEFT</orientation>
            <orientation>Ti.UI.LANDSCAPE_RIGHT</orientation>
        </orientations>
    </iphone>
    <android
        android:permission="android.permission.RECEIVE_BOOT_COMPLETED" xmlns:android="http://schemas.android.com/apk/res/android">
        <manifest>
            <supports-screens android:anyDensity="false"/>
            <application>
                <activity android:alwaysRetainTaskState="true"
                    android:configChanges="keyboardHidden|orientation"
                    android:label="BootCompleted"
                    android:launchMode="singleTop"
                    android:name=".BootCompletedActivity"
                    android:persistent="true" android:theme="@style/Theme.Titanium">
                    <intent-filter>
                        <action android:name="android.intent.action.MAIN"/>
                        <category android:name="android.intent.category.LAUNCHER"/>
                    </intent-filter>
                </activity>
                <receiver android:exported="true" android:name="bencoding.android.receivers.BootReciever">
                    <intent-filter>
                        <action android:name="android.intent.action.BOOT_COMPLETED"/>
                    </intent-filter>
                    <meta-data android:name="bootType" android:value="propertyBased"/>
                    <meta-data
                        android:name="enabled_property_to_reference" android:value="my_enabled"/>
                    <meta-data
                        android:name="bootType_property_to_reference" android:value="my_bootType"/>
                    <meta-data
                        android:name="sendToBack_property_to_reference" android:value="my_sendtoback"/>
                    <meta-data android:name="icon_property_to_reference" android:value="my_notify_icon"/>
                    <meta-data
                        android:name="title_property_to_reference" android:value="my_notify_title"/>
                    <meta-data
                        android:name="message_property_to_reference" android:value="my_notify_message"/>
                </receiver>
            </application>
            <uses-permission android:name="android.permission.RECEIVE_BOOT_COMPLETED"/>
        </manifest>
    </android>
    <mobileweb>
        <precache/>
        <splash>
            <enabled>true</enabled>
            <inline-css-images>true</inline-css-images>
        </splash>
        <theme>default</theme>
    </mobileweb>
    <modules>
        <module platform="android">bencoding.android.tools</module>
    </modules>
    <deployment-targets>
        <target device="blackberry">false</target>
        <target device="android">true</target>
        <target device="ipad">false</target>
        <target device="iphone">false</target>
        <target device="mobileweb">false</target>
    </deployment-targets>
    <sdk-version>3.0.2.GA</sdk-version>
</ti:app>